id	title	kampfhandlungen	militaerische-unterstuetzung	verhandlungen	humanitaer-klima	humanitaer-hunger	humanitaer-krankheiten	humanitaer-flucht	humanitaer_Hilfe	wirtschaft
0	Ranghoher Anführer der Houthi-Rebellen getötet	2	0	0	0	0	0	0	0	0
1	20 Tote bei Angriff auf Hochzeit	1	1	0	0	0	0	0	0	0
2	Zahlreiche Tote bei Luftangriff auf Al Qaida im Jemen	8	0	0	0	1	0	0	0	0
3	Riad hat britische Streubomben im Jemen eingesetzt	1	0	1	0	0	0	0	0	0
4	IS bekennt sich zu Selbstmordanschlag	5	1	0	0	0	0	0	0	0
5	Desaster im Stellvertreterkrieg	1	0	0	0	0	0	0	0	0
6	IS-Attentat im Jemen	4	1	0	0	0	0	0	0	0
7	Eine Lösung für den Jemen	1	0	0	0	0	0	0	0	0
8	Unicef: Millionen Kinder im Jemen vom Tod bedroht	0	0	0	0	1	1	0	0	0
9	Attacke auf saudische Ölanlagen	2	0	0	0	0	0	0	0	0
11	Acht Tote bei Überschwemmungen im Jemen	1	0	0	4	0	0	0	0	0
12	Eine halbe Million Cholera-Fälle im Jemen	0	0	1	0	0	3	0	0	0
13	Eine halbe Million Cholera-Fälle im Jemen	0	0	0	0	0	4	0	0	0
14	Flüchtlinge ertrinken vor Jemen	0	0	0	0	0	0	7	0	0
15	Schlepper stoßen Flüchtlinge ins Meer	0	0	0	0	0	0	4	0	0
16	Land am Abgrund	0	0	1	0	0	2	0	0	0
17	Die Epidemie, die das Land ins Chaos stürzt	0	0	1	0	0	2	0	0	0
18	Tote bei Luftangriff im Jemen	3	0	0	0	0	0	2	0	0
19	Ringen um Hilfe für Jemen	0	0	0	0	3	2	0	1	0
20	Jemens Regierung hält nichts von Corona-Statistiken	0	0	0	0	2	3	0	0	0
21	Riad weist Separatisten zurück	0	0	3	0	0	0	0	0	0
22	Der Krieg im Jemen eskaliert	1	0	1	0	0	1	0	0	0
23	Eskalation in Zeiten von Flut und Seuchen	0	0	1	0	0	1	0	0	0
24	Warnung vor drohender Ölpest vor Jemen	0	0	0	0	1	0	0	0	0
25	Ramstein vor Gericht	0	0	0	0	0	0	1	0	0
26	Senat stimmt für Resolution zum Jemen-Krieg	0	4	0	0	0	0	0	0	0
27	Senat stimmt für Resolution zum Jemen-Krieg	0	4	0	0	0	0	0	0	0
28	Senat stimmt für Ende der Beteiligung am Jemen-Krieg	0	2	0	0	0	0	0	0	0
29	Regierung erlaubt deutlich mehr Waffenexporte	0	2	0	0	0	0	0	2	0
31	Ein Toter bei Angriff auf saudischen Flughafen	2	0	0	0	0	0	0	0	1
32	Rüstungsgüter für eine Milliarde Euro an Jemen-Kriegsallianz	0	3	0	0	0	0	0	1	1
33	Gouverneur von Aden getötet	3	0	0	0	0	0	0	0	0
34	Hilfsgelder für den Jemen	0	0	0	0	0	0	0	2	0
35	Widerstand gegen Amerikas Hilfe für Saudi-Arabien	1	2	0	0	0	0	0	0	0
36	Vereinte Nationen verlangen Zugang zu Getreide-Silos	0	0	0	0	1	0	0	1	0
37	Westliche Waffen im Jemen	1	3	1	0	0	0	0	0	0
38	Der Jemen liegt in Trümmern	1	0	0	0	0	0	0	0	0
39	Pentagon veröffentlicht altes Video von Al Qaida	4	1	0	0	0	0	0	0	0
40	Städte im Südjemen erobert	2	0	0	0	0	0	0	0	0
41	Militär bedauert zivile Opfer bei Angriff im Jemen	3	0	0	0	0	0	0	0	0
43	Iran wirft Saudi-Arabien Raketenangriff auf Botschaft vor	1	0	0	0	0	0	0	0	0
44	Ein Buch zum Schutz vor Bomben	2	0	0	0	0	0	0	0	0
45	Fast eine halbe Million Kinder hungern im Jemen	0	0	0	0	1	0	0	0	0
46	So soll Kindern der Schulbesuch ermöglicht werden	2	0	0	0	0	0	0	0	0
47	Gabriel warnt vor Katastrophe im Jemen	0	0	1	0	1	0	0	0	0
48	Gabriel: Jemen droht Hungerkrise	0	0	0	0	0	0	0	1	0
49	Gabriel warnt vor Hungertod im Jemen	0	0	2	0	2	0	0	0	0
50	UN: Hungerkrise im Jemen	0	0	0	0	2	0	0	0	0
52	Gefangenenaustausch im Jemen	0	0	4	0	0	0	0	1	0
53	UN sieht Chance auf Frieden	0	0	2	0	0	2	0	0	0
54	Weniger Hilfe für Jemen	0	0	0	0	1	0	0	2	0
55	Der Preis der Kompromisslosigkeit	1	0	1	0	0	2	0	0	1
56	Saudisches Militärbündnis kündigt zweiwöchige Waffenruhe an	0	0	1	0	0	2	0	0	0
57	Rüstungsexporte für 1,2 Milliarden Euro	1	2	0	0	0	0	0	2	0
58	Waffenruhe wegen Corona-Krise im Jemen?	0	1	2	0	0	2	0	0	0
59	Ein möglicher Albtraum	0	0	0	0	0	4	0	0	0
60	Zahlreiche Zivilisten im Jemen bei saudischen Angriffen getötet	4	0	0	0	0	0	0	0	0
61	Mehr Ankünfte von Migranten im Jemen	0	0	1	0	0	0	2	0	0
62	Al-Qaida-Chef im Jemen getötet	5	0	0	0	0	0	0	0	0
63	Al-Qaida-Führer im Jemen getötet	5	0	0	0	0	0	0	0	0
64	Wachsende Konfliktbereitschaft	3	0	1	0	0	0	0	0	0
65	Wachsende Konfliktbereitschaft	3	0	1	0	0	0	0	0	0
66	Jemen, Syrien und Somalia sind am korruptesten	0	0	0	0	0	0	0	0	2
69	Jemens Präsident Hadi zurückgetreten	0	0	1	0	0	0	0	0	0
70	Jemens Präsident Hadi überträgt Macht an neuen Präsidialrat	0	0	3	0	0	0	0	0	0
72	Waffenruhe im Jemen	0	0	3	0	1	0	0	0	0
73	Waffenruhe im Jemen	0	0	1	0	0	0	0	0	0
74	Saudi-Arabien verkündet Waffenruhe im Jemen während des Ramadan	0	0	3	0	0	0	0	0	0
75	Krieg im Jemen wird von der Welt ignoriert	1	0	0	0	0	0	0	0	0
76	Saudi-arabische Kampfflugzeuge bombardieren Sanaa	1	1	0	0	2	0	0	0	0
77	Hoffnung gibt es nur in Marib	1	0	0	0	0	0	0	1	0
78	UN: Jemen droht größte Hungersnot seit Jahrzehnten	0	0	0	0	2	0	0	1	0
79	Jemenitische Tragödie	0	0	0	0	2	0	0	0	0
80	UN warnen vor Millionen Hungertoten im Jemen	0	0	0	0	0	0	0	1	0
81	Tote Anschlag im Jemen	3	0	0	0	0	0	0	0	0
82	1200 Häftlinge aus Gefängnis befreit	1	0	1	0	0	0	0	0	0
83	Tote im Jemen	4	0	1	0	0	0	0	0	0
84	Al-Qaida-Führer im Jemen getötet	3	0	0	0	0	0	0	0	0
85	Trotz Friedensgesprächen Luftangriffe auf Houthi-Kämpfer	3	0	2	0	0	0	0	0	0
86	Dutzende Opfer bei Anschlagsserie in Sanaa	4	0	0	0	0	0	0	0	0
87	Luftschläge im Jemen	2	0	2	0	0	0	0	0	0
90	Mehr als 40 Tote bei Angriff auf Sanaa	1	0	0	0	0	0	0	0	0
91	Friedensgespräche im Jemen	0	0	1	0	0	0	0	0	0
92	Kerry: Irans Unterstützung der Houthi ist uns bewusst	1	0	0	0	0	0	0	0	0
93	Hoheit nur über den Luftraum	1	3	0	0	0	0	0	0	0
95	Amerika liefert mehr Waffen an Saudis	2	1	0	0	0	0	0	0	0
96	Wildern in Al Qaidas Revier	5	0	0	0	0	0	0	0	0
98	Wildern in Al Qaidas Revier	5	0	0	0	0	0	0	0	0
99	Entscheidung über Feuerpause aufgeschoben	0	0	2	0	0	0	0	0	0
100	Russland fordert Feuerpause im Jemen	1	0	1	0	0	0	0	0	0
101	Sicherheitsrat beruft Krisensitzung zu Jemen ein	2	1	0	0	1	0	0	0	0
102	Huthi-Rebellen übergeben wichtigen Hafen	1	0	0	0	1	0	0	0	0
103	UN-Team im Jemen	0	0	2	0	0	0	0	0	0
104	Beobachtermission für Jemen	0	0	1	0	0	0	0	0	0
105	"""Der Jemen ist für Kinder die Hölle auf Erden"""	1	0	0	0	0	1	0	0	1
106	Kämpfe im Jemen ausgesetzt	1	0	3	0	0	0	0	0	0
107	Unfähig zum K.-o.-Schlag im Jemen	1	0	0	0	0	0	0	0	0
108	Rüstungsexporte steuern auf neuen Rekord zu	0	2	0	0	0	0	0	2	0
109	Verzögerte Siegesfeier	0	0	1	0	1	0	0	0	0
110	Houthi im Siegestaumel	1	0	0	0	0	0	0	0	0
111	Houthi im Siegestaumel	1	0	0	0	0	0	0	0	0
112	Houthi-Rebellen: Hunderte saudische Soldaten gefangen	0	1	0	0	0	0	0	0	0
113	Pelosi: Trumps Jemen-Veto ist zynisch	0	3	0	0	0	0	0	0	0
114	Trump legt Veto gegen Resolution zu Militärhilfe ein	1	2	0	0	0	0	0	0	0
116	Saudi-Arabien fliegt Angriffe auf Huthi-Stellungen im Jemen	1	1	0	0	0	0	0	0	0
117	Anti-Houthi-Koalition greift Hudaida an	2	1	0	0	0	0	0	0	0
118	Mit dem Rücken zur Wand	1	0	1	0	0	0	0	0	0
119	Houthis treffen iranischen Außenminister	0	0	1	0	0	0	0	0	0
120	Jemen, das Armenhaus am Golf	1	0	0	0	1	0	0	0	0
121	Armenhaus Jemen	0	0	0	0	2	0	0	0	0
122	Schwere Kämpfe im Jemen	4	0	0	0	0	0	0	0	0
123	Mindestens 90 Tote bei Kämpfen im Jemen	1	0	0	0	0	0	0	0	0
124	Guterres enttäuscht von Jemen-Hilfen	1	0	0	0	1	0	0	4	0
125	Eine menschengemachte Katastrophe	0	0	0	0	0	0	0	2	0
126	UN warnen vor Verschärfung der Hungersnot	0	0	0	0	1	0	0	0	0
127	Saudi-Arabien könnte zu spät kommen	1	0	0	0	0	0	0	0	0
128	Saudi-Arabien bereit zu Militärintervention im Jemen	2	0	0	0	0	0	0	0	0
129	Houthi-Rebellen: Verteidigungsminister in unserer Hand	2	0	0	0	0	0	0	0	0
131	Tote bei Gefechten im Jemen	2	1	0	0	0	0	0	0	0
133	Rotes Kreuz warnt vor Fluchtwelle im Jemen	1	0	0	0	0	1	0	0	0
134	Dutzende Tote bei Kämpfen um Hafen	2	0	0	0	0	0	0	0	0
135	Houthi-Rebellen stürmen Präsidentenpalast	3	0	1	0	0	0	0	0	0
137	Eine Eigendynamik im Krieg um den Jemen	1	0	0	0	0	0	0	0	0
138	Im Jemen F-15 gegen den Krummdolch	1	0	0	0	0	0	0	0	0
139	Flüchtlingslager im Jemen bei Luftangriff getroffen	1	1	0	0	0	0	1	0	0
140	Regionalmächte sollten im Jemen vermitteln	1	0	0	0	0	0	0	0	0
141	Krieg im Jemen droht zum Flächenbrand zu werden	1	0	0	0	0	0	0	0	0
142	Heftige Gefechte in Aden, Luftangriffe in Sanaa	1	0	0	1	0	0	0	0	0
143	Im Zermürbungswettbewerb	0	0	0	0	0	0	0	1	0
144	Im Jemen droht eine Hungerkatastrophe	0	1	0	0	1	0	0	1	0
145	14 Millionen Menschen von Hungersnot bedroht	0	0	0	0	1	0	0	1	0
146	Testfall Jemen	1	6	1	0	0	0	0	1	0
147	Al-Wazir verurteilt Waffenlieferungen an Saudi-Arabien	0	1	0	0	0	0	0	0	0
148	14 Zivilisten bei Luftangriff auf Stadt Marib getötet	2	0	1	0	0	0	1	0	1
149	Huthi rücken auf letzte Regierungs-Hochburg im Norden Jemens vor	1	0	0	0	0	0	0	0	0
150	Im Jemen droht 400.000 Kindern der Hungertod	0	0	0	0	1	0	0	0	0
151	Deals und schwere Kämpfe	0	0	0	0	0	0	0	1	0
152	Vormarsch mit Deals und schweren Kämpfen	0	0	0	0	0	0	0	1	0
153	Saudi-Arabien fängt Raketen aus Jemen ab	1	0	0	0	0	0	0	0	0
154	Mehr als 30 Tote bei Angriffen im Jemen	1	0	0	0	0	0	1	0	0
155	Deutschland liefert wieder Rüstungsgüter an Konfliktparteien	1	2	0	0	0	0	0	1	0
156	Jemen stoppt Import von Luxusgütern	0	0	0	0	0	0	0	0	4
157	UN prangern im Jemen Kriegsverbrechen an	3	0	0	0	0	0	0	0	0
158	UN prangern Kriegsverbrechen an	2	1	0	0	0	0	0	0	0
159	UN prangern Kriegsverbrechen an	2	1	0	0	0	0	0	0	0
160	UN-Ermittler werfen Saudi-Arabien Kriegsverbrechen vor	1	0	0	0	0	0	2	0	0
161	Abnutzungskrieg	0	0	0	0	1	0	0	0	0
162	Saudi-Arabien zerstört Jemens Flottenstützpunkt	1	0	1	0	0	0	0	0	0
163	UN-Initiative für den Jemen	1	0	3	0	0	0	0	0	0
164	Waffenruhe im Jemen nicht verlängert	0	0	3	0	1	0	0	0	0
165	Gefechte trotz Feuerpause	1	1	2	0	1	0	0	0	0
166	Luftangriffe im Jemen	1	0	1	0	1	0	0	0	0
167	Vereinte Nationen prangern Luftangriffe im Jemen an	2	0	0	0	0	0	0	0	0
168	Saudi-Arabien stimmt Feuerpause im Jemen zu	2	0	1	0	0	0	0	0	0
169	Saudi-Arabien stimmt Feuerpause im Jemen zu	2	0	1	0	0	0	0	0	0
170	Senegal beteiligt sich am Krieg im Jemen	0	1	2	0	0	0	0	0	0
171	Senegal beteiligt sich am Krieg im Jemen	0	1	1	0	0	0	0	0	0
172	Militärkoalition greift Ziele von Houthi-Rebellen im Jemen an	3	0	0	0	0	0	1	0	0
173	Angriffe kamen nach saudischen Angaben nicht aus dem Jemen	5	0	0	0	0	0	0	0	0
174	Pompeo: Beispielloser Angriff Irans auf die Welt-Energieversorgung	2	0	1	0	0	0	0	0	0
175	Viele Tote nach Raketenangriff im Jemen	4	0	0	0	0	0	0	0	0
176	Mindestens 60 Tote nach Angriff auf Trainingscamp	4	0	0	0	0	0	0	0	0
177	Ein umfassender Schlag gegen Irans militärische Fähigkeiten?	3	0	0	0	0	0	0	0	0
178	UN: Angriff auf saudische Ölanlagen nicht aus Jemen	4	0	0	0	0	0	0	0	0
179	Zahl der Cholera-Opfer im Jemen steigt stark an	0	0	0	0	0	4	0	0	0
180	Warum die Houthi-Rebellen es Biden im Jemen schwer machen	1	1	0	0	0	0	0	0	0
181	Neue diplomatische Initiative zu Jemen	0	0	1	0	0	0	0	0	0
182	Amerika will Hilfe für Riad im Jemen einstellen	1	2	0	0	1	0	0	0	0
183	Raketen über Riad	1	0	0	0	1	0	0	0	0
184	Neue Kämpfe und alte Probleme im Jemen-Krieg	2	1	0	0	1	0	0	0	0
185	UN-Gesandter verurteilt Angriff im Jemen	2	0	0	0	0	0	0	0	0
186	Schwere Explosion im Jemen	4	0	0	0	0	0	0	0	0
187	Anschlag auf neue Regierung Jemens	1	0	0	0	0	0	0	0	0
188	Erschöpfung lässt hoffen	0	1	0	0	0	0	0	0	0
189	Zaghafte Hoffnung im Jemen	0	0	1	0	0	0	0	0	0
190	Friedensplan für den Jemen	0	0	1	0	0	0	0	0	0
191	Was ist das Friedensabkommen von Riad wert?	0	0	1	0	0	0	0	0	0
193	Mehr als 140 Tote im Jemen	3	0	0	0	0	0	0	0	0
194	Jemenitische Tragödie	0	0	0	0	1	0	0	0	0
195	Jemenitischer Abnutzungskrieg	1	0	0	0	0	0	0	0	0
196	Selbstmordattentäter tötet in Jemen 30 Menschen	4	0	0	0	0	0	0	0	0
197	Große Opfer, wenig Erfolge	5	0	0	0	1	0	0	0	0
198	Tote bei Luftangriff auf Krankenhaus	2	0	0	0	0	0	0	0	0
199	Große Opfer, wenig Erfolge	5	0	0	0	1	0	0	0	0
200	Wieder Luftangriffe im Jemen	4	1	0	0	0	0	0	0	0
201	Jemeniten freigelassen	1	0	2	0	0	0	0	0	0
203	Wirbelsturm bedroht Jemen und Oman	0	0	0	7	1	0	0	0	0
204	Nouripour fordert deutsche Vermittlung im Jemen	0	0	0	0	0	0	0	1	0
205	UN: Lage im Jemen dramatisch	1	0	0	0	0	4	0	0	0
206	Brüchige Waffenruhe im Jemen	0	1	1	0	1	0	0	1	0
207	UN: Jemen vor Zusammenbruch	0	0	1	0	1	0	0	0	0
208	UN: Jemen vor Zusammenbruch	0	0	1	0	1	0	0	0	0
209	Dutzende Tote im Jemen	1	0	1	0	0	0	0	0	0
210	Neue Waffenruhe in Kraft getreten	2	0	3	0	0	0	0	0	0
211	Waffenruhe für Jemen verkündet	0	1	2	0	0	0	0	0	0
212	Waffenruhe für den Jemen vereinbart	2	0	2	0	0	0	0	0	0
213	Angriffe auf Houthis im Jemen	1	2	0	0	0	0	0	0	0
214	Flucht in den Rausch	0	0	0	0	0	0	0	0	3
215	Fast 50 Tote im Jemen	1	0	0	0	0	0	0	0	0
216	Waffenruhe im Jemen	0	0	1	0	0	0	0	0	0
217	Feuerpause für den Jemen	0	0	3	0	0	0	0	0	0
218	Kindersoldaten im Jemen	0	0	0	0	1	0	0	0	0
219	IS-Anschläge: 45 Tote im Jemen	5	0	0	0	1	1	0	0	0
220	UN: Zu wenig Hilfe für Jemen	0	0	0	0	1	0	0	0	0
221	UN beklagt mangelnde Hilfsbereitschaft bei Hungerkrise in Jemen	0	0	1	0	0	0	0	1	0
222	Viele Tote bei Anschlag auf Armeeanwärter	3	0	0	0	0	0	0	0	0
223	Amerika schickt wieder Soldaten in den Jemen	2	2	1	0	0	0	0	0	0
224	Erfolg für Armee des Jemens	4	0	0	0	0	0	0	0	0
225	28 Tote bei Doppelanschlag in Jemen	7	0	0	0	1	0	0	0	0
226	IKRK-Helfer im Jemen getötet	1	0	0	0	0	0	0	0	0
227	Operation Sanaa	1	0	0	0	0	0	0	0	0
228	Tote bei Luftangriff im Jemen	3	0	0	0	0	1	0	0	0
229	Die Angst vor dem Sturm	1	0	0	0	0	0	0	0	0
230	Anschläge im Jemen	3	1	0	0	0	0	0	0	0
231	Noch lange nicht vorbei	1	0	1	0	0	0	0	0	0
232	Rüstungsgüter für 400 Millionen Euro an Jemen-Kriegsallianz	1	4	0	0	0	0	0	0	0
233	Ramstein vor Gericht	0	0	0	0	0	0	1	0	0
234	Der Kampf an der zweiten Front	1	0	0	0	0	0	0	1	0
235	UN-Generalsekretär verurteilt Angriff auf Schulbus	3	0	0	0	0	0	0	0	0
236	Viele tote Kinder bei Angriff im Jemen	2	0	0	0	0	0	0	0	0
237	Dutzende Tote bei Luftangriff auf Schulbus	4	0	0	0	0	0	0	0	0
238	Die Ausweitung der Schweigezone	0	1	0	0	0	0	0	0	0
239	Verletzte Houthis dürfen Jemen verlassen	0	0	1	0	0	0	0	0	0
240	Senat stellt Trumps Saudi-Arabien-Politik infrage	0	2	0	0	0	0	0	0	0
241	Houthi wollen Angriffe im Jemen einstellen	2	0	1	0	0	0	0	0	0
242	Houthis stoppen Raketenangriffe	2	0	0	0	0	0	0	0	0
243	Saudi-Arabien verzichtet auf Hilfe der amerikanischen Luftwaffe	0	2	1	0	0	0	0	0	0
244	Huthi-Rebellen greifen Ziele in Saudi-Arabien an	1	0	0	0	0	0	0	0	0
245	Der Jemen am Abgrund	2	0	0	0	0	0	0	0	0
246	Demonstration im Jemen	0	1	0	0	0	0	0	0	0
247	Der Jemen am Abgrund	2	0	0	0	0	0	0	0	0
248	Saudi-Arabien fängt Raketen aus dem Jemen ab	2	0	0	0	1	0	0	0	0
249	Ein Kronprinz, zwei Amerikas	0	1	0	0	0	0	0	0	0
250	Bröckelnde Macht	2	0	0	0	0	0	0	0	0
251	Tote Flüchtlinge vor Jemens Küste	0	0	0	0	0	0	6	0	0
252	Waffenruhe im Jemen hält nicht	1	0	2	0	0	0	0	0	0
253	Senat stellt sich gegen Trumps Saudi-Arabien-Politik	1	2	0	0	0	0	0	0	0
254	Waffenruhe für Teile des Jemens vereinbart	1	0	2	0	0	0	0	0	0
255	Einigung auf Waffenruhe für Jemens strategisch wichtigen Hafen	1	0	3	0	0	0	0	0	0
256	10 000 Todesopfer im Jemen	1	0	0	0	0	4	0	0	0
257	Friedensgespräche für Jemen	0	0	2	0	0	0	0	0	0
258	Jemens Regierung offen für Wiedereröffnung des Flughafens in Sanaa	0	0	1	0	0	0	0	0	0
259	Jemen-Gespräche beginnen	0	0	1	0	0	0	0	0	0
260	Am Abgrund	1	1	0	0	1	0	0	0	0
261	Gefangenentausch im Jemen	0	0	2	0	0	0	0	0	0
262	Gefangenenaustausch mit Rebellen im Jemen	0	0	4	0	0	0	0	0	0
263	Am Abgrund	0	1	0	0	1	0	0	0	0
265	Arabische Liga beschließt gemeinsame Eingreiftruppe	1	0	0	0	0	0	0	0	0
267	König Salman stimmt auf langen Krieg im Jemen ein	1	0	0	0	0	0	0	0	0
268	Saudische Militärallianz weitet Operationen aus	1	0	0	0	0	0	0	1	0
269	Konflikt im Jemen dreht den Ölmarkt	0	0	0	0	0	0	0	0	4
270	Konfrontation im Jemen	2	0	0	0	0	0	0	0	0
271	Stellvertreterkrieg im Jemen schafft neues Chaos	2	0	0	0	0	0	0	0	0
272	Luftangriffe im Jemen lasten auf Aktienkursen	0	0	0	0	0	0	0	0	1
273	Luftangriffe auf Houthi-Rebellen - Hadi in Saudi-Arabien	1	0	0	0	0	0	0	0	0
274	Saudi-Arabien fliegt Luftangriffe im Jemen	0	2	0	0	0	0	0	0	0
275	Iran kritisiert Luftschläge gegen Houthis	0	2	0	0	0	0	0	0	0
276	Jemen-Konflikt lässt Ölpreis stark steigen	0	0	0	0	0	0	0	0	3
278	Konflikt im Jemen dreht den Ölmarkt	0	0	0	0	0	0	0	0	4
279	Toxisches Gemisch im Armenhaus Arabiens	2	0	0	0	0	0	0	0	0
280	Jemens Regierung meldet Kampferfolg	2	0	0	0	0	0	0	0	0
281	Mehr als 140 Tote bei Luftschlag im Jemen	2	0	0	0	0	0	0	0	0
282	Mehr als 140 Tote bei schwerem Luftangriff im Jemen	2	0	0	0	0	0	0	0	0
283	Jemens Exilregierung zurück	0	0	1	0	0	0	0	0	0
284	Hafen von Aden zurückerobert	0	0	1	0	0	0	1	0	0
285	Waffenruhe im Jemen	0	0	3	0	0	0	0	0	0
286	UN kündigen Feuerpause im Jemen an	2	0	1	0	0	0	1	0	0
289	Mehr als 100 Tote im Jemen	3	0	0	0	0	0	0	0	0
290	Berlin stockt Hilfe für den Jemen auf	1	0	0	0	0	0	0	0	0
291	Ein Krieg mit vielen Akteuren	2	0	0	0	0	0	0	0	0
292	Zahlreiche Tote im Jemen	3	0	0	0	0	0	0	0	0
293	Dutzende Polizisten bei Anschlag auf Kaserne getötet	3	0	0	0	0	0	0	0	0
294	Emirate schießen Raketen aus Jemen ab	4	0	0	0	0	0	0	0	0
295	Streit um Verantwortung für Angriff im Jemen	2	0	1	0	0	0	0	0	0
296	Die Holzfäller aus der Wüste	1	0	0	0	0	0	0	0	0
299	Mindestens fünf Tote bei Angriffen in Saudi-Arabien und im Jemen	3	0	0	0	0	0	0	0	0
300	Wer hilft den Hungernden?	0	1	0	0	1	0	0	3	0
301	UN müssen Essensrationen für Jemen kürzen	0	0	0	0	3	0	0	0	0
302	Separatisten im Jemen widerrufen Autonomie-Erklärung	0	0	2	0	0	0	0	0	0
303	Jemenitische Regierung und Separatisten wollen sich arrangieren	0	0	2	0	0	0	0	0	0
304	Corona verschärft Hunger im Jemen	0	0	0	1	1	2	0	0	0
305	Viele Tote im Jemen	1	0	0	0	0	0	0	0	0
306	Der Krieg im Jemen ist auch unser Krieg	0	1	0	0	0	0	0	1	1
307	Eine Million Cholera-Fälle im Jemen	0	0	0	0	0	4	0	0	0
308	Jemenitischer Hafen geöffnet	1	0	0	0	0	0	0	0	0
309	Saudi-Arabien hat Ziele im Jemen bombardiert	2	0	1	0	0	0	0	0	0
310	"""Viele unterschätzen, wie gefährlich Iran ist"""	1	0	1	0	1	0	0	0	0
311	Raketenangriff auf Riad	1	0	1	0	0	0	0	0	0
312	Gefahrenquelle Iran	1	0	0	0	0	0	0	0	0
313	Der Papst, die Emirate und der Krieg im Jemen	0	0	0	0	1	0	0	0	0
314	Neue Jemen-Gespräche über Gefangenenaustausch kommende Woche	0	1	4	0	0	0	0	0	0
316	UN-Team im Jemen beschossen	1	0	0	0	0	0	0	0	0
317	Hilfe für Friedensbemühungen im Jemen	1	0	0	0	0	0	0	0	0
318	Deutschland unterstützt Jemen	0	0	2	0	0	0	0	0	0
319	Sechs Tote bei Drohnenangriff von Huthi-Rebellen auf Militärbasis	1	0	0	0	0	0	0	0	0
322	Früherer jemenitischer Präsident Salih getötet	1	1	0	0	0	0	0	0	0
323	Seitenwechsel im Jemen	3	0	0	0	0	0	0	0	0
325	Huthi-Rebellen verkünden Tod von Jemens Ex-Präsident Saleh	1	0	0	0	0	0	0	0	0
326	Seitenwechsel im Jemen	3	0	0	0	0	0	0	0	0
327	Ehemaliger Präsident Saleh offen für Gespräche	1	0	0	0	0	0	0	0	0
328	Hungertote im Jemen	0	0	0	0	1	0	0	0	0
329	Welthungerhilfe fordert bessere Krisenprävention	0	0	0	0	1	0	0	2	0
330	Notstand im Jemen wegen der Cholera	2	0	0	0	0	3	0	0	0
331	Merkels Liste	0	0	1	0	0	0	0	0	0
332	Ein Land wird ausgehungert	1	0	0	0	2	0	0	0	0
333	Humanitäre Hilfe für Hungernde im Jemen	0	0	1	0	1	0	0	2	0
334	Mehr als 130 Tote bei Kämpfen um Hafenstadt Hodeida	2	0	1	0	0	0	0	0	0
335	Schwere Gefechte im Jemen	3	0	2	0	0	0	0	0	0
336	Jetzt, auf einmal?	0	0	1	0	0	0	0	1	0
337	Weiter Krieg im Jemen	3	0	2	0	0	0	0	0	0
338	Jetzt, auf einmal?	0	0	0	0	0	0	0	1	0
339	Amerika dringt auf Fortschritte zur Beendigung des Jemen-Kriegs	0	1	0	0	0	0	0	0	0
340	Vereinigte Staaten fordern Verhandlungen innerhalb von 30 Tagen	0	0	3	0	0	0	0	0	0
341	Größte Katastrophe der Gegenwart	2	0	1	0	1	0	0	0	0
342	Arabische Ängste vor Iran	0	0	0	0	0	1	0	0	1
343	Die Ausbildung	0	0	0	0	0	0	1	0	0
344	Viele Tote bei Luftangriff im Jemen	3	0	0	0	0	0	0	0	0
346	"Papst schockiert über ""diabolischen"" Angriff auf Altenheim"	2	0	0	0	0	0	0	0	0
347	7 Millionen Menschen im Jemen unterversorgt	0	0	0	0	1	0	0	0	0
348	Jemen vor Hungersnot	0	0	0	0	3	0	0	1	0
349	Streubomben im Jemen?	2	0	0	0	0	0	0	0	0
350	Luftangriffe im Jemen	3	0	0	0	0	0	0	0	0
351	Dominosteine	0	0	1	0	0	0	0	0	0
352	Amerikaner entsenden weitere Kriegsschiffe	0	1	0	0	1	0	0	0	0
353	Obama warnt Iran vor Waffenlieferungen an Houthis	1	0	0	0	1	0	0	0	0
355	Die Saudis sind unglücklich	0	4	0	0	0	0	0	0	0
356	Politische Lösung im Jemen in weiter Ferne	0	2	0	0	0	0	0	0	0
359	Saudi-Arabien will 800 Al-Qaida-Kämpfer getötet haben	4	0	1	0	0	0	0	0	0
360	Zahlreiche Al Qaida-Kämpfer sollen im Jemen getötet worden sein	5	0	0	0	0	0	0	0	0
361	Hoffnung auf Lösung im Jemen	0	0	3	0	0	0	0	0	0
362	Vorsichtige Hoffnung auf eine Waffenruhe im Jemen	1	0	1	0	0	1	0	0	0
363	Hotel im Jemen getroffen	1	0	0	0	0	0	0	0	0
364	Immer mehr zivile Opfer im Jemen	4	0	0	0	0	0	0	0	0
365	Tote bei Anschlag in Jemen	3	0	0	0	0	0	0	0	0
366	Viele Tote bei Anschlag auf Moschee	4	0	0	0	0	0	0	0	0
367	Abermals Luftangriffe auf Sanaa	2	0	0	0	0	0	0	0	0
369	Ministerpräsident kehrt aus dem Exil zurück	2	0	0	0	0	0	0	0	0
370	UN: Gespräche über Jemen	1	0	1	0	0	0	0	0	0
371	Ägyptische Soldaten im Jemen	0	5	0	0	0	0	0	0	0
372	Qatar verlegt Truppen in den Jemen	1	2	0	0	0	0	0	0	0
373	Luftangriffe im Jemen	2	0	0	0	0	0	0	0	0
374	Vater von gefallenem Soldaten kritisiert Trumps Einsatzbefehl scharf	2	1	0	0	0	0	0	0	0
375	Trump greift McCain an	1	1	0	0	1	0	0	0	0
376	Jemen beschränkt Militäreinsätze	0	2	0	0	1	0	0	0	0
377	Auch das noch	1	0	0	0	0	1	0	0	0
378	Im Regen	0	0	0	3	0	0	0	1	0
379	Eine Front  weniger in Jemen	1	1	1	0	0	0	0	0	0
380	Pakt in Jemen	0	0	1	0	0	0	0	0	0
381	Angriffe in Jemen	4	0	0	0	1	0	0	0	0
382	Riad greift Ziele  in Jemen an	3	0	0	0	1	0	0	0	0
384	Ewiger  Störenfried	0	0	1	0	0	0	0	0	0
385	Jemen	0	0	0	0	1	1	0	0	0
386	Mehr als 40 Tote bei  Anschlagsserie im Jemen	5	0	0	0	0	0	0	0	0
387	Verschleiern statt ermitteln	0	0	1	0	0	0	0	0	0
388	USA machen Druck  auf Saudi-Arabien	1	0	1	0	0	0	0	0	0
389	Jemen vor Hungersnot	0	0	0	0	0	1	0	0	0
390	Hungersnot in Jemen: Welche Hilfe ist nötig?	0	0	1	0	0	0	0	0	0
391	Hungersnot könnte bald 14 Millionen Menschen treffen	1	0	0	0	1	0	0	1	0
393	Schutz  der Lebensader	0	1	1	0	0	0	0	0	0
394	Große Not in Jemen	0	0	0	0	0	1	0	0	0
395	"""Jemen ist eine Hölle auf Erden für Kinder"""	1	0	1	0	0	0	0	0	0
396	Zehntausende Opfer in Jemen	2	0	2	0	0	1	0	0	0
397	Erster Hoffnungsschimmer	1	0	2	0	0	0	0	0	0
398	Viele Kriegsgefangene   in Jemen kommen frei	0	0	4	0	0	0	0	0	0
399	Regierung und Rebellen in Jemen tauschen Hunderte Gefangene aus	0	0	2	0	0	0	0	0	0
400	Eine Regierung, aber kein Frieden	0	0	1	0	0	0	0	0	0
401	Ein erster Schritt	1	0	1	0	0	0	0	0	0
402	Funkverbindung über Deutschland	1	0	0	0	0	0	0	0	0
403	Biden will den Bürgerkrieg beenden	1	2	1	0	0	0	0	0	0
404	Neuer Golfkurs ohne Trump	0	2	0	0	0	0	0	0	0
405	Bidens erster Schritt	1	1	0	0	0	0	0	0	0
406	Pompeos Sabotage	0	0	0	0	3	0	0	0	0
407	Pompeos Sabotage	1	0	0	0	3	0	0	0	0
408	Terror auf dem Rollfeld	2	0	0	0	0	0	0	0	0
409	Viele Tote nach  Explosion in Jemen	4	0	1	0	0	0	0	0	0
410	Terror auf dem Rollfeld	3	0	1	0	1	0	0	0	0
411	Schwere Explosion am Flughafen von Aden	2	0	0	0	0	0	0	0	1
412	Eine Regierung, aber kein Frieden	1	0	1	0	0	0	0	0	0
413	Nur ein erster Schritt	0	0	1	0	0	0	0	0	0
414	Leise Hoffnung, mal wieder	0	0	2	0	0	0	0	0	0
416	Jemens Präsident Hadi überträgt seine Befugnisse an neuen Präsidialrat	2	0	1	0	0	0	0	0	0
417	Mehr als zwei Millionen Kinder in Jemen unterernährt	0	0	0	0	0	0	0	2	0
418	Hunderte Millionen Euro  Nothilfe für Jemen	0	0	1	0	1	0	0	1	0
419	Mehr Munition als Nahrung	0	0	0	0	3	0	1	0	0
420	Fast 500 000 Kinder in Jemen in akuter Gefahr	0	0	0	0	2	1	0	1	0
421	UN: Waffenruhe im Jemen	2	0	1	0	0	0	0	0	0
422	"USA töten bei Luftangriff ""Dutzende"" Al-Qaida-Kämpfer im Jemen"	7	0	0	0	0	0	0	0	0
424	Gefälschte Facebook-Seite verkündet Einheitsregierung in Jemen	0	1	2	0	0	0	0	0	0
425	Zivilisten im Fadenkreuz	2	0	0	0	0	0	0	0	0
426	Tote bei Luftangriff in Jemen	2	1	0	0	0	0	0	0	1
427	Dutzende Tote in Jemen	3	0	0	0	0	0	0	0	0
428	Zivilisten sterben bei US-Angriff auf al-Qaida in Jemen	7	0	0	0	1	0	0	0	0
429	Katjuschas auf  das Königreich	2	0	0	0	0	0	0	0	0
430	Tote bei Gefechten in Jemen	3	2	0	0	0	0	0	0	0
431	Jemen - der verarmte Hinterhof	1	0	0	0	0	0	0	1	0
434	Ayatollahs  gegen Könige	0	0	1	0	0	0	0	0	0
435	Waffenruhe in Jemen beendet	0	0	2	0	0	0	0	0	0
436	Waffenruhe in Jemen brüchig	1	0	2	0	0	0	0	0	0
437	Viele Tote in Jemen	3	0	0	0	0	0	0	0	0
438	Arabiens Ärmste	0	1	0	0	1	0	0	1	0
439	Jemens Exilregierung vermeldet Rückeroberung von Aden	3	0	1	0	0	0	0	0	0
440	Nadelstreifen   oder Krummdolch	0	1	0	0	0	0	0	0	0
441	1200 Häftlinge aus Gefängnis in Jemen befreit	2	0	1	0	0	0	0	0	0
442	Tod des Geschäftsführers	3	0	0	0	0	0	0	0	0
443	CIA tötet al-Qaidas Nummer zwei	3	0	0	0	0	0	0	0	0
444	Ein Kampfschiff nach Kairo	0	2	0	0	0	0	0	0	0
445	Huthi-Rebellen ziehen sich aus wichtigem Hafen zurück	0	0	2	0	0	0	0	0	0
446	UN-Beobachter für Jemen	1	0	0	0	0	0	0	0	0
447	Waffenruhe in Jemen hält	0	1	3	0	0	0	0	0	0
448	Waffenruhe hält	2	0	1	0	0	0	0	0	0
449	Kämpfe im Jemen	4	0	1	0	0	0	0	0	0
450	US-Senat stellt sich offen gegen Saudi-Arabien	0	2	0	0	0	0	0	0	0
451	Waffenruhe für wichtige  Hafenstadt in Jemen	0	0	3	0	0	0	0	1	0
452	Geduldsprobe	0	0	0	0	1	0	0	0	0
453	Kriegsverbrechen im Jemen	2	0	1	0	0	0	0	0	0
454	"Bröckelndes Bündnis der  arabischen ""Brüdernationen"""	1	0	1	0	0	0	0	0	0
455	Angriff in Jemen	2	0	0	0	0	0	0	0	0
457	Das Bündnis von Präsident Hadi ist zerbrochen	1	0	0	0	0	0	0	0	0
458	Ringen um Lösung für Jemen	0	0	2	0	0	0	0	0	0
459	Mehr Rüstungsexporte	0	2	0	0	0	0	0	1	0
462	Regierung prüft Evakuierungs-Einsatz der Bundeswehr	0	1	0	0	0	0	0	0	0
463	Saudische Luftwaffe bombardiert Militärakademie im Jemen	3	0	0	0	0	1	0	0	0
464	Stellvertreterkrieg am Golf von Aden	2	2	0	0	0	0	0	0	0
465	Zivilisten in der Falle	1	0	0	0	0	0	0	0	0
466	Der Zerfall eines Landes, eine Frage der Zeit	0	1	1	0	0	0	0	0	0
467	UN-Sicherheitsrat vertagt Resolution zu Feuerpause	1	0	1	0	0	0	0	0	0
468	Rotes Kreuz befürchtet humanitäre Katastrophe	1	0	1	0	0	0	0	0	0
470	Tote bei Angriffen in Jemen	4	0	0	0	0	0	0	0	0
471	Al-Qaida-Kämpfer befreien 300 Häftlinge	3	0	1	0	0	0	0	0	0
472	Mindestens 29 Tote bei Angriff auf Molkerei	3	1	0	0	0	0	0	0	0
473	USA liefern wieder Kampfjets an Ägypten	0	3	0	0	0	0	0	1	0
474	1400 Kinder in Jemen getötet	2	0	0	0	0	0	0	0	0
475	Dutzende Soldaten sterben bei Selbstmordanschlag in Jemen	4	1	0	0	0	0	0	0	0
476	Hungersnot bedroht Jemen	0	0	1	0	0	0	0	0	0
477	USA liefern Waffen  an Saudis nicht aus	1	1	0	0	0	0	0	0	0
478	Zündstoff	0	1	0	0	0	0	0	1	0
479	Die Katar-Connection	0	2	0	0	0	0	0	1	0
480	Jemen bittet Vereinte Nationen um Bodentruppen	1	1	0	0	0	0	0	1	0
481	Fremde Truppen in Jemen	2	0	0	0	0	0	0	0	0
482	Fremde Truppen  betreten Jemen	1	0	0	0	0	0	0	0	0
483	"Menschenrechtler werfen Saudis Einsatz von Streubomben
im Jemen vor"	4	1	0	0	0	0	0	0	0
484	Zwischen Sturm und Hoffnung	0	0	0	1	0	0	0	0	0
485	Gestolpert im Hinterhof	0	1	0	0	0	0	0	1	0
486	Jemen-Einsatz beendet	2	0	0	0	0	0	0	0	0
487	Saudi-Arabien bombardiert wieder Huthi-Stellungen in Jemen	3	1	0	1	0	0	0	0	0
488	Arabische Militärkoalition beendet Luftangriffe auf Jemen	2	0	0	0	0	0	0	0	0
489	USA entsenden Kriegsschiffe in Richtung Jemen	1	0	0	0	0	0	0	0	0
490	Das Leiden wird schlimmer	1	0	0	0	1	0	0	0	0
492	Iran fordert Ende der saudischen Militärangriffe	1	0	0	0	0	0	0	0	0
493	UN bestrafen Huthis in Jemen	1	0	0	0	2	0	0	0	0
494	UN-Sonderbotschafter für Jemen wirft hin	1	0	0	0	0	0	0	0	0
496	Die anderen Hilfesuchenden	1	0	0	0	0	0	2	0	0
497	Huthi lassen Drohnen sprechen	4	0	1	0	0	0	0	1	0
498	Noch mehr Hunger droht	0	0	1	0	0	0	0	0	0
499	Noch mehr Hunger droht	2	0	1	0	1	0	0	0	0
500	Drohnen statt Kompromisse	5	0	0	0	0	0	0	0	0
501	45 Tote bei Luftangriff	3	0	0	0	0	0	1	0	0
502	Arabische Liga beschließt Gründung gemeinsamer Eingreiftruppe	2	1	0	0	0	0	0	0	0
503	Menschen fliehen aus Sanaa	4	0	0	0	0	0	0	0	0
505	Jemen-Krise macht Öl wieder teurer	0	0	0	0	0	0	0	0	1
506	Aufräumen  im Hinterhof	1	0	0	0	0	0	0	1	0
507	Unglückliches Arabien	1	0	0	0	0	0	0	0	0
508	Saudi-Arabien greift in Jemen ein	1	1	0	0	0	0	0	0	0
509	Menschen fliehen aus Sanaa	3	0	0	0	0	0	0	0	0
512	Jemen versinkt im Bürgerkrieg	1	0	0	0	0	0	0	0	0
514	Saudi-Arabien greift ein	1	1	0	0	0	0	0	0	0
516	Saudi-Arabien bombardiert Huthi-Rebellen im Jemen	2	0	0	0	0	0	0	0	0
517	UN wollen in Jemen schlichten	0	0	1	0	0	0	0	0	0
518	Stellvertreterkrieg in Arabiens Armenhaus	2	1	0	0	1	0	0	0	0
521	Luftangriff auf Präsidentenpalast im Jemen	2	0	0	0	0	0	0	0	0
522	Ende  des Schlangentänzers	2	1	0	0	0	0	0	0	0
523	Auch die Hoffnung ist gestorben	1	0	0	0	0	0	0	0	0
527	Der Kampf um die eigene Identität	0	0	0	0	0	0	0	0	1
528	Drohnen auf das Palmenidyll	1	0	0	0	0	0	0	0	0
529	Attacke auf Rekruten	3	0	0	0	0	0	0	0	0
530	Dutzende Tote nach  Terroranschlag in Jemen	4	0	0	0	0	0	0	0	0
531	Fast 3800 Opfer in Jemenkrieg	2	0	1	0	0	0	0	0	0
532	Ärzte verlassen Jemen	0	0	0	0	0	2	0	0	0
533	"""Ärzte ohne Grenzen"" zieht sich aus dem Norden Jemens zurück"	2	0	0	0	0	0	0	0	0
534	Mindestens elf Tote bei Luftangriff auf Krankenhaus in Jemen	4	0	0	0	0	1	0	0	0
535	Der Krieg in Jemen flammt wieder auf	3	0	0	0	1	0	0	0	0
536	Krieg in Jemen   flammt wieder auf	4	0	0	0	0	0	0	0	0
537	Versteckspiel der Szene	0	0	1	0	0	0	0	0	0
538	Rüstungsexporte für 400 Millionen Euro an Jemen-Kriegsallianz	1	3	0	0	0	0	0	1	0
539	Land des Misstrauens	1	1	2	0	0	0	0	0	0
540	Befallener Weizen in Jemen	1	0	0	0	3	0	0	0	0
541	Milliarden für Jemen-Hilfe	0	0	1	0	0	0	0	3	0
542	Kriegsparteien vereinbaren Truppenabzug aus Hodeida	0	0	3	0	0	0	0	0	0
543	Das seltsame Duo und die ominöse Privatarmee	0	0	1	0	0	0	0	0	0
544	Jemen: Journalist getötet	1	1	0	0	0	1	0	0	0
545	Warnung vor  einer Hungersnot	0	0	1	0	0	0	0	4	0
546	Verzweifelter Appell	0	0	0	0	1	0	0	3	0
547	Druck ist nötig	0	0	0	0	1	1	0	0	0
548	UN-Generalsekretär  mahnt Hilfe für Jemen an	0	0	0	0	0	0	0	2	0
549	Hilfe für Jemen	1	0	0	0	0	1	0	3	0
550	Geld für Jemen gesucht	1	0	1	0	0	0	0	2	0
551	Um jeden  Preis	0	0	0	0	1	0	0	0	0
552	Deutsche Waffen für Saudi-Arabien	0	2	0	0	0	0	0	0	0
553	Hilfe für Jemen gefordert	0	0	0	0	1	0	0	1	0
554	Gabriel appelliert in  Jemen-Krise an Riad	0	0	0	0	1	0	0	0	0
555	Tote bei Luftangriff in Jemen	3	0	0	0	0	0	0	0	1
556	Schlepper soll Migranten ins Meer gestoßen haben	0	0	0	0	0	0	4	0	0
557	Schlimmste Cholera-Epidemie seit Menschengedenken	1	0	0	0	0	3	0	0	0
559	Bis zum letzten   Reiskorn	0	0	0	0	0	0	0	1	0
560	31 Flüchtlinge vor der Küste Jemens getötet	0	0	0	0	0	0	3	0	0
561	Trump preist getöteten Soldaten - doch Fragen zum Jemen-Einsatz bleiben	1	1	0	0	2	0	0	0	0
562	Fischen im Jemen	0	0	0	0	0	0	0	0	1
563	Zwölf   Kilo	1	1	0	0	1	0	0	0	0
564	Sechs Jahre Tod und Zerstörung	1	0	0	0	0	0	0	0	0
565	Sechs Jahre Tod und Zerstörung	1	0	0	0	0	0	0	0	0
566	Jemen wird zu Saudi-Arabiens Albtraum	1	0	0	0	0	0	0	0	1
567	Der endlose Krieg	2	0	0	0	0	0	0	0	0
568	Jemen wird zu Saudi-Arabiens Albtraum	1	0	0	0	0	0	0	0	1
569	Es fehlt an Dolmetschern	1	0	0	0	0	0	1	0	0
570	Söldnerpläne aus dem Schwarzwald	1	1	0	0	0	0	0	0	0
571	Militärallianz um Saudi-Arabien greift Ziele in Jemen an	3	1	0	0	0	0	0	0	0
572	Zwischen Erzfeinden	1	0	1	0	0	0	0	0	0
573	Marschflugkörper  des kleinen Mannes	3	0	1	0	0	0	0	0	0
575	Franziskus besucht  Vereinigte Emirate	1	0	0	0	0	0	0	0	0
576	Franziskus besucht  Vereinigte Emirate	1	0	0	0	0	0	0	0	0
577	Franziskus besucht  Vereinigte Emirate	1	0	0	0	0	0	0	0	0
578	Franziskus besucht  Vereinigte Emirate	0	0	1	0	0	0	0	0	0
579	Wieder Gespräche in Jemen	0	0	3	0	0	0	0	0	0
580	Riad soll  weiter  warten	0	1	2	0	0	0	0	0	0
581	USA töten Anführer von Al-Qaida-Ableger im Jemen	1	0	0	0	0	0	0	0	0
583	Tragödie  am Tor der Tränen	1	0	0	0	0	0	0	0	0
584	Bundesregierung genehmigt Waffenexporte an Kriegsallianz	2	2	0	0	0	0	0	1	0
585	Waffensysteme  für Saudi-Arabien	1	4	0	0	1	0	0	0	0
586	Jemen-Gespräche gescheitert	0	0	4	0	0	0	0	0	0
587	Jemen-Konferenz gefährdet	0	1	3	0	0	0	0	0	0
588	Jemen-Gespräche beginnen	0	0	6	0	0	0	0	0	0
589	Jemens Armee  vertreibt Huthis	3	1	0	0	0	0	0	0	0
590	Versorgung unter Beschuss	1	0	0	0	1	0	0	1	0
591	Angriff auf die Lebensader	1	0	0	0	1	0	0	0	0
593	Unglück vor Jemens Küste	0	0	0	0	0	0	2	0	0
594	In Jemen droht die Katastrophe	2	0	0	0	1	0	0	0	0
595	Zwölf Kilo	0	1	0	0	2	0	0	0	0
596	Saudische Initiative für Jemen	1	0	2	0	0	0	0	0	0
597	Mindestens 80 Menschen sterben bei Brand in Flüchtlingslager	0	0	0	0	0	0	5	0	0
598	Eine Schande	0	0	0	0	0	0	0	2	0
599	Eine Schande	0	0	0	0	0	0	0	2	0
600	Wenig Spenden für Jemen	0	1	0	0	0	0	0	1	0
601	Zwischen Leben und Tod	0	1	0	0	0	1	0	1	0
602	Leben am  Abgrund	0	1	0	0	0	0	0	1	0
603	Hilfe für Hungerleidende	1	0	0	0	1	0	0	2	0
604	Zwischen Leben und Tod	0	1	1	0	0	1	0	1	0
605	Hilfe für Hungerleidende	0	0	0	0	2	0	0	2	0
606	Schlacht der  Entscheidung	2	0	1	0	0	0	0	0	0
607	Schlacht der Entscheidung	2	1	1	0	0	0	0	0	0
608	Schwere Kämpfe verschlimmern humanitäre Krise in Jemen	1	0	0	0	0	0	1	1	0
609	Neukalibrierung in Nahost	0	1	0	0	0	0	0	0	0
610	Jemen verliert 20 Jahre	0	0	0	0	0	0	0	1	0
611	Kongress will US-Militärhilfe im Jemen beenden - Trump legt Veto ein	0	4	0	0	0	0	0	0	0
612	"Im Jemen-Krieg werden  ""Tornados"" eingesetzt"	1	1	0	0	0	0	0	1	0
613	Deutsche Beobachter in Jemen	2	0	0	0	0	0	0	1	0
615	Deutschland will Beobachter nach Jemen schicken	0	1	1	0	0	0	0	0	0
616	Berlin sagt Jemen Hilfe zu	0	1	4	0	0	0	0	0	0
617	Angriff  auf Hochzeitsfeier	5	0	0	0	0	0	0	0	0
618	"Mindestens 130 tote Zivilisten bei Angriff auf Hochzeitsfeier
im Jemen"	3	0	0	0	0	0	0	0	0
619	Anschlag auf  Moschee in Jemen	6	0	0	0	2	0	0	0	0
620	Jemens Präsident beendet Exil	2	0	1	0	0	0	0	0	0
621	Der vergessene Krieg	1	0	0	0	1	0	0	0	0
622	Blutige Schlacht mit Ansage	2	1	1	0	0	0	0	0	0
623	Der Tod kommt aus dem Exil	0	0	0	0	1	0	0	1	0
624	Die Opfer sind zumeist Zivilisten	2	0	0	0	1	0	0	0	0
625	Einstürzende Lehmbauten	0	0	0	0	0	0	0	1	0
626	Saudi-Arabien bereitet Sturm auf Sanaa vor	1	1	0	1	0	0	0	0	0
627	Wie Jemen im Bombenhagel zerfällt	1	0	2	0	0	0	0	0	0
629	Waffenruhe in Jemen	0	0	1	0	0	2	0	0	0
630	Jemen kritisiert US-Einsätze	1	0	0	0	0	0	0	0	0
631	Jemen entzieht USA Erlaubnis für Anti-Terror-Einsätze am Boden	3	0	1	0	2	0	0	0	0
632	Neuer US-Angriff in Jemen	6	0	0	0	0	0	0	0	0
633	Rauchwolken über Riad	2	0	1	0	0	0	0	0	0
634	Streit um Jemen-Sanktionen	0	0	0	0	1	0	0	0	0
635	Deutsche Waffen in Jemen	0	2	0	0	0	0	0	0	0
636	Jemeniten auf der Flucht	0	0	1	0	0	0	3	0	0
638	Aufmarsch  in Aden	1	1	0	0	0	0	0	0	0
639	Mehr als 100 000 Cholera-Verdachtsfälle in Jemen	0	0	0	0	0	6	0	0	0
640	Jemen: 100000 Cholera-Fälle	1	0	1	0	0	3	0	0	0
641	Zivilisten in Jemen getötet	3	0	0	0	0	0	0	0	0
642	Entsetzen über  Tote in Jemen	3	0	0	0	0	0	0	0	0
643	Opfer Kind	1	0	0	0	0	0	0	0	0
644	Jemen: Muss sich die Welt endlich einmischen?	0	1	0	0	0	0	0	0	0
645	Die Welt muss den Saudis in den Arm fallen	0	0	0	0	1	0	0	0	0
646	UN verurteilen Angriff auf Schulbus	4	0	0	0	0	0	0	0	0
647	Schulbus gerät  in Luftangriff	5	0	0	0	0	0	0	0	0
648	Dutzende Kinder sterben  bei Luftangriff in Jemen	2	0	0	0	0	0	0	0	0
649	43 Tote bei Angriff auf Schulbus in Jemen	5	0	0	0	0	0	0	0	0
650	Die Welt schaut weg	1	0	0	0	0	1	0	0	0
651	Saudi-Arabien stoppt Öltransporte im Roten Meer	0	1	0	0	0	0	0	0	0
652	Angst vor der Hafenschlacht	1	0	0	0	0	0	0	0	0
653	Die zweite  Front	2	1	0	0	0	0	0	0	0
654	Militärkoalition bombardiert Präsidentenpalast im Jemen	6	0	0	0	0	0	0	0	0
655	45Zivilisten in Jemen getötet	3	0	1	0	0	0	0	0	1
656	Sudanesen in Jemen getötet	3	0	0	0	0	0	0	0	0
657	Milliarden-Hilfe für Jemen	2	0	1	0	0	0	0	2	0
658	Milliarden-Hilfe  für Jemen	2	0	1	0	0	0	0	1	0
659	Soldaten in Jemen getötet	2	1	0	0	0	0	0	0	0
660	Drohnen-Tod durch deutsche Motoren	1	0	0	0	0	0	0	0	0
661	Luftschläge statt Loopings	1	0	0	0	0	0	0	0	0
662	Drohnen-Tod dank deutschen Motoren	1	0	0	0	0	0	0	0	0
663	Markt in Jemen bombardiert	1	0	0	0	0	0	0	0	1
664	Zum Warten gezwungen	0	0	0	0	0	1	0	0	0
665	Leben in Ruinen	1	1	0	0	1	0	0	0	0
666	Lieferziel: Krieg	0	1	0	0	0	0	0	0	1
667	Um Jahre zurückgebombt	1	0	0	0	0	0	0	0	0
668	Huthi-Rebellen stimmen UN-Friedensgesprächen zu	1	0	2	0	0	0	0	0	0
669	Kein Wasser	2	0	1	0	1	0	0	0	0
670	Neue Kämpfe in Jemen	4	0	1	0	0	0	0	0	0
671	Nach Waffenruhe neue Kämpfe in Jemen	1	0	2	0	0	1	0	0	0
672	Huthi-Rebellen akzeptieren Waffenruhe	0	0	1	0	0	0	0	0	0
673	Waffenruhe in Jemen geplant	0	0	2	0	0	0	0	1	0
674	Ein Mandat zum Einmarsch	1	1	1	0	0	0	0	0	0
675	Jemen hofft auf Waffenruhe	0	0	2	0	0	0	0	0	0
676	Chance in letzter Minute	0	0	1	0	0	0	0	0	0
677	Tote bei Luftangriff in Jemen	3	0	0	0	0	0	0	0	0
678	Waffenruhe in Jemen	0	0	2	0	0	0	0	0	0
679	UN verkünden dreitägige Waffenruhe für Jemen	1	1	2	0	1	0	0	0	0
680	Saudische Militärkoalition gibt Angriff auf Trauerfeier im Jemen mit 140 Toten zu	2	0	0	0	0	0	0	0	0
681	USA greifen in Jemen ein	1	1	0	0	0	0	0	0	0
682	Der Krieg frisst sich fort	2	0	1	0	0	0	0	0	0
